19243149_1680272112037783_582067195142275207_o.jpg,"<a href=""./images/rigolade/",""" data-lightbox=""gallery"">","<a href=""./images/rigolade/19243149_1680272112037783_582067195142275207_o.jpg"" data-lightbox=""gallery"">"
19243173_1682736731791321_5000709942587103803_o.jpg,"<a href=""./images/rigolade/",""" data-lightbox=""gallery"">","<a href=""./images/rigolade/19243173_1682736731791321_5000709942587103803_o.jpg"" data-lightbox=""gallery"">"
19243173_1682736735124654_8342794460292961028_o.jpg,"<a href=""./images/rigolade/",""" data-lightbox=""gallery"">","<a href=""./images/rigolade/19243173_1682736735124654_8342794460292961028_o.jpg"" data-lightbox=""gallery"">"
19243291_1682738061791188_5580913884077743106_o.jpg,"<a href=""./images/rigolade/",""" data-lightbox=""gallery"">","<a href=""./images/rigolade/19243291_1682738061791188_5580913884077743106_o.jpg"" data-lightbox=""gallery"">"
19250514_1680267528704908_781785608428282925_o.jpg,"<a href=""./images/rigolade/",""" data-lightbox=""gallery"">","<a href=""./images/rigolade/19250514_1680267528704908_781785608428282925_o.jpg"" data-lightbox=""gallery"">"
19264673_1680272825371045_88705130381531879_o.jpg,"<a href=""./images/rigolade/",""" data-lightbox=""gallery"">","<a href=""./images/rigolade/19264673_1680272825371045_88705130381531879_o.jpg"" data-lightbox=""gallery"">"
19574963_1682748798456781_1337063116834481871_o.jpg,"<a href=""./images/rigolade/",""" data-lightbox=""gallery"">","<a href=""./images/rigolade/19574963_1682748798456781_1337063116834481871_o.jpg"" data-lightbox=""gallery"">"
19574992_1682737068457954_782413657988162686_o.jpg,"<a href=""./images/rigolade/",""" data-lightbox=""gallery"">","<a href=""./images/rigolade/19574992_1682737068457954_782413657988162686_o.jpg"" data-lightbox=""gallery"">"
19575039_1682737438457917_1583139146401378463_o.jpg,"<a href=""./images/rigolade/",""" data-lightbox=""gallery"">","<a href=""./images/rigolade/19575039_1682737438457917_1583139146401378463_o.jpg"" data-lightbox=""gallery"">"
19693504_1680274875370840_2621874761463370229_o.jpg,"<a href=""./images/rigolade/",""" data-lightbox=""gallery"">","<a href=""./images/rigolade/19693504_1680274875370840_2621874761463370229_o.jpg"" data-lightbox=""gallery"">"
19693821_1682724018459259_4350475156667454890_o.jpg,"<a href=""./images/rigolade/",""" data-lightbox=""gallery"">","<a href=""./images/rigolade/19693821_1682724018459259_4350475156667454890_o.jpg"" data-lightbox=""gallery"">"
19983325_1682755971789397_7432998381611156003_o.jpg,"<a href=""./images/rigolade/",""" data-lightbox=""gallery"">","<a href=""./images/rigolade/19983325_1682755971789397_7432998381611156003_o.jpg"" data-lightbox=""gallery"">"
21688272_1680267825371545_1759663558735661846_o.jpg,"<a href=""./images/rigolade/",""" data-lightbox=""gallery"">","<a href=""./images/rigolade/21688272_1680267825371545_1759663558735661846_o.jpg"" data-lightbox=""gallery"">"
21753429_1682737785124549_2437906888577687960_o.jpg,"<a href=""./images/rigolade/",""" data-lightbox=""gallery"">","<a href=""./images/rigolade/21753429_1682737785124549_2437906888577687960_o.jpg"" data-lightbox=""gallery"">"
22104387_1680274578704203_5970393431260459077_o.jpg,"<a href=""./images/rigolade/",""" data-lightbox=""gallery"">","<a href=""./images/rigolade/22104387_1680274578704203_5970393431260459077_o.jpg"" data-lightbox=""gallery"">"
22548832_1680273472037647_4094400920232739193_o.jpg,"<a href=""./images/rigolade/",""" data-lightbox=""gallery"">","<a href=""./images/rigolade/22548832_1680273472037647_4094400920232739193_o.jpg"" data-lightbox=""gallery"">"
24958823_1682722721792722_2287118322284563725_o.jpg,"<a href=""./images/rigolade/",""" data-lightbox=""gallery"">","<a href=""./images/rigolade/24958823_1682722721792722_2287118322284563725_o.jpg"" data-lightbox=""gallery"">"
25440203_1682736175124710_8168554430678288347_o.jpg,"<a href=""./images/rigolade/",""" data-lightbox=""gallery"">","<a href=""./images/rigolade/25440203_1682736175124710_8168554430678288347_o.jpg"" data-lightbox=""gallery"">"
25542434_1682742498457411_4078669949727474560_o.jpg,"<a href=""./images/rigolade/",""" data-lightbox=""gallery"">","<a href=""./images/rigolade/25542434_1682742498457411_4078669949727474560_o.jpg"" data-lightbox=""gallery"">"
26172222_1682730058458655_9165429984739273356_o.jpg,"<a href=""./images/rigolade/",""" data-lightbox=""gallery"">","<a href=""./images/rigolade/26172222_1682730058458655_9165429984739273356_o.jpg"" data-lightbox=""gallery"">"
26172222_1682742625124065_8480546678183826838_o.jpg,"<a href=""./images/rigolade/",""" data-lightbox=""gallery"">","<a href=""./images/rigolade/26172222_1682742625124065_8480546678183826838_o.jpg"" data-lightbox=""gallery"">"
26685806_1682735831791411_7489613683229799197_o.jpg,"<a href=""./images/rigolade/",""" data-lightbox=""gallery"">","<a href=""./images/rigolade/26685806_1682735831791411_7489613683229799197_o.jpg"" data-lightbox=""gallery"">"
26910623_1680275422037452_5546772427936909386_o.jpg,"<a href=""./images/rigolade/",""" data-lightbox=""gallery"">","<a href=""./images/rigolade/26910623_1680275422037452_5546772427936909386_o.jpg"" data-lightbox=""gallery"">"
26910629_1680275945370733_1698365769841911433_o.jpg,"<a href=""./images/rigolade/",""" data-lightbox=""gallery"">","<a href=""./images/rigolade/26910629_1680275945370733_1698365769841911433_o.jpg"" data-lightbox=""gallery"">"
26910650_1680271725371155_903537083381832813_o.jpg,"<a href=""./images/rigolade/",""" data-lightbox=""gallery"">","<a href=""./images/rigolade/26910650_1680271725371155_903537083381832813_o.jpg"" data-lightbox=""gallery"">"
26910843_1682749561790038_6240377782656587421_o.jpg,"<a href=""./images/rigolade/",""" data-lightbox=""gallery"">","<a href=""./images/rigolade/26910843_1682749561790038_6240377782656587421_o.jpg"" data-lightbox=""gallery"">"
26951944_1682729591792035_6555011992530110600_o.jpg,"<a href=""./images/rigolade/",""" data-lightbox=""gallery"">","<a href=""./images/rigolade/26951944_1682729591792035_6555011992530110600_o.jpg"" data-lightbox=""gallery"">"
26951979_1682728571792137_7334245628130296781_o.jpg,"<a href=""./images/rigolade/",""" data-lightbox=""gallery"">","<a href=""./images/rigolade/26951979_1682728571792137_7334245628130296781_o.jpg"" data-lightbox=""gallery"">"
26951989_1682755758456085_4906335162007877275_o.jpg,"<a href=""./images/rigolade/",""" data-lightbox=""gallery"">","<a href=""./images/rigolade/26951989_1682755758456085_4906335162007877275_o.jpg"" data-lightbox=""gallery"">"
26952007_1682742955124032_5858851250532000173_o.jpg,"<a href=""./images/rigolade/",""" data-lightbox=""gallery"">","<a href=""./images/rigolade/26952007_1682742955124032_5858851250532000173_o.jpg"" data-lightbox=""gallery"">"
26952012_1682737778457883_9116644296886097511_o.jpg,"<a href=""./images/rigolade/",""" data-lightbox=""gallery"">","<a href=""./images/rigolade/26952012_1682737778457883_9116644296886097511_o.jpg"" data-lightbox=""gallery"">"
26952021_1682730391791955_483265052661206500_o.jpg,"<a href=""./images/rigolade/",""" data-lightbox=""gallery"">","<a href=""./images/rigolade/26952021_1682730391791955_483265052661206500_o.jpg"" data-lightbox=""gallery"">"
26952033_1682735628458098_5966726231349934182_o.jpg,"<a href=""./images/rigolade/",""" data-lightbox=""gallery"">","<a href=""./images/rigolade/26952033_1682735628458098_5966726231349934182_o.jpg"" data-lightbox=""gallery"">"
26952050_1682729238458737_2500651138918813603_o.jpg,"<a href=""./images/rigolade/",""" data-lightbox=""gallery"">","<a href=""./images/rigolade/26952050_1682729238458737_2500651138918813603_o.jpg"" data-lightbox=""gallery"">"
26952217_1682728895125438_1840322095682283209_o.jpg,"<a href=""./images/rigolade/",""" data-lightbox=""gallery"">","<a href=""./images/rigolade/26952217_1682728895125438_1840322095682283209_o.jpg"" data-lightbox=""gallery"">"
26952224_1682731438458517_1985948564993591620_o.jpg,"<a href=""./images/rigolade/",""" data-lightbox=""gallery"">","<a href=""./images/rigolade/26952224_1682731438458517_1985948564993591620_o.jpg"" data-lightbox=""gallery"">"
26952266_1682736601791334_5127711101439326617_o.jpg,"<a href=""./images/rigolade/",""" data-lightbox=""gallery"">","<a href=""./images/rigolade/26952266_1682736601791334_5127711101439326617_o.jpg"" data-lightbox=""gallery"">"
26952287_1680271842037810_6333011247578665316_o.jpg,"<a href=""./images/rigolade/",""" data-lightbox=""gallery"">","<a href=""./images/rigolade/26952287_1680271842037810_6333011247578665316_o.jpg"" data-lightbox=""gallery"">"
26952288_1682737235124604_1990913012419714115_o.jpg,"<a href=""./images/rigolade/",""" data-lightbox=""gallery"">","<a href=""./images/rigolade/26952288_1682737235124604_1990913012419714115_o.jpg"" data-lightbox=""gallery"">"
26952310_1680274198704241_7940063008753054844_o.jpg,"<a href=""./images/rigolade/",""" data-lightbox=""gallery"">","<a href=""./images/rigolade/26952310_1680274198704241_7940063008753054844_o.jpg"" data-lightbox=""gallery"">"
26952404_1682749288456732_9138678142848198361_o.jpg,"<a href=""./images/rigolade/",""" data-lightbox=""gallery"">","<a href=""./images/rigolade/26952404_1682749288456732_9138678142848198361_o.jpg"" data-lightbox=""gallery"">"
26952407_1682742108457450_6415961315568445374_o.jpg,"<a href=""./images/rigolade/",""" data-lightbox=""gallery"">","<a href=""./images/rigolade/26952407_1682742108457450_6415961315568445374_o.jpg"" data-lightbox=""gallery"">"
26952458_1680272685371059_3045955482954431465_o.jpg,"<a href=""./images/rigolade/",""" data-lightbox=""gallery"">","<a href=""./images/rigolade/26952458_1680272685371059_3045955482954431465_o.jpg"" data-lightbox=""gallery"">"
26952500_1682740035124324_8389397661123931730_o.jpg,"<a href=""./images/rigolade/",""" data-lightbox=""gallery"">","<a href=""./images/rigolade/26952500_1682740035124324_8389397661123931730_o.jpg"" data-lightbox=""gallery"">"
26952583_1682748338456827_5228803193080373742_o.jpg,"<a href=""./images/rigolade/",""" data-lightbox=""gallery"">","<a href=""./images/rigolade/26952583_1682748338456827_5228803193080373742_o.jpg"" data-lightbox=""gallery"">"
26952596_1682736461791348_8142690952702786891_o.jpg,"<a href=""./images/rigolade/",""" data-lightbox=""gallery"">","<a href=""./images/rigolade/26952596_1682736461791348_8142690952702786891_o.jpg"" data-lightbox=""gallery"">"
26952597_1680273815370946_8813774506936673566_o.jpg,"<a href=""./images/rigolade/",""" data-lightbox=""gallery"">","<a href=""./images/rigolade/26952597_1680273815370946_8813774506936673566_o.jpg"" data-lightbox=""gallery"">"
26952598_1682746448457016_251653765667282584_o.jpg,"<a href=""./images/rigolade/",""" data-lightbox=""gallery"">","<a href=""./images/rigolade/26952598_1682746448457016_251653765667282584_o.jpg"" data-lightbox=""gallery"">"
26961635_1682739138457747_9214457452367498715_o.jpg,"<a href=""./images/rigolade/",""" data-lightbox=""gallery"">","<a href=""./images/rigolade/26961635_1682739138457747_9214457452367498715_o.jpg"" data-lightbox=""gallery"">"
26961684_1682741405124187_1987821038093376142_o.jpg,"<a href=""./images/rigolade/",""" data-lightbox=""gallery"">","<a href=""./images/rigolade/26961684_1682741405124187_1987821038093376142_o.jpg"" data-lightbox=""gallery"">"
26961792_1682728265125501_6153195127289760835_o.jpg,"<a href=""./images/rigolade/",""" data-lightbox=""gallery"">","<a href=""./images/rigolade/26961792_1682728265125501_6153195127289760835_o.jpg"" data-lightbox=""gallery"">"
26962042_1682729948458666_8306542226182928852_o.jpg,"<a href=""./images/rigolade/",""" data-lightbox=""gallery"">","<a href=""./images/rigolade/26962042_1682729948458666_8306542226182928852_o.jpg"" data-lightbox=""gallery"">"
26962068_1680274282037566_8326386184524705353_o.jpg,"<a href=""./images/rigolade/",""" data-lightbox=""gallery"">","<a href=""./images/rigolade/26962068_1680274282037566_8326386184524705353_o.jpg"" data-lightbox=""gallery"">"
26962083_1682728471792147_4928530450890352033_o.jpg,"<a href=""./images/rigolade/",""" data-lightbox=""gallery"">","<a href=""./images/rigolade/26962083_1682728471792147_4928530450890352033_o.jpg"" data-lightbox=""gallery"">"
26962120_1682741935124134_6401275623348035645_o.jpg,"<a href=""./images/rigolade/",""" data-lightbox=""gallery"">","<a href=""./images/rigolade/26962120_1682741935124134_6401275623348035645_o.jpg"" data-lightbox=""gallery"">"
26962124_1682732541791740_2730981780743058110_o.jpg,"<a href=""./images/rigolade/",""" data-lightbox=""gallery"">","<a href=""./images/rigolade/26962124_1682732541791740_2730981780743058110_o.jpg"" data-lightbox=""gallery"">"
26962134_1682733421791652_2199844585769689386_o.jpg,"<a href=""./images/rigolade/",""" data-lightbox=""gallery"">","<a href=""./images/rigolade/26962134_1682733421791652_2199844585769689386_o.jpg"" data-lightbox=""gallery"">"
26962156_1680272498704411_7552538644760627528_o.jpg,"<a href=""./images/rigolade/",""" data-lightbox=""gallery"">","<a href=""./images/rigolade/26962156_1680272498704411_7552538644760627528_o.jpg"" data-lightbox=""gallery"">"
26962157_1682750518456609_6018967122318965182_o.jpg,"<a href=""./images/rigolade/",""" data-lightbox=""gallery"">","<a href=""./images/rigolade/26962157_1682750518456609_6018967122318965182_o.jpg"" data-lightbox=""gallery"">"
26962161_1682748068456854_4822829602621371153_o.jpg,"<a href=""./images/rigolade/",""" data-lightbox=""gallery"">","<a href=""./images/rigolade/26962161_1682748068456854_4822829602621371153_o.jpg"" data-lightbox=""gallery"">"
26962437_1682756051789389_4364306483911768818_o.jpg,"<a href=""./images/rigolade/",""" data-lightbox=""gallery"">","<a href=""./images/rigolade/26962437_1682756051789389_4364306483911768818_o.jpg"" data-lightbox=""gallery"">"
27021116_1680272832037711_250727868182889509_o.jpg,"<a href=""./images/rigolade/",""" data-lightbox=""gallery"">","<a href=""./images/rigolade/27021116_1680272832037711_250727868182889509_o.jpg"" data-lightbox=""gallery"">"
27021135_1682729758458685_4369843303515403243_o.jpg,"<a href=""./images/rigolade/",""" data-lightbox=""gallery"">","<a href=""./images/rigolade/27021135_1682729758458685_4369843303515403243_o.jpg"" data-lightbox=""gallery"">"
27021152_1680274885370839_1890802048148210455_o.jpg,"<a href=""./images/rigolade/",""" data-lightbox=""gallery"">","<a href=""./images/rigolade/27021152_1680274885370839_1890802048148210455_o.jpg"" data-lightbox=""gallery"">"
27021238_1682730411791953_9008413063837179681_o.jpg,"<a href=""./images/rigolade/",""" data-lightbox=""gallery"">","<a href=""./images/rigolade/27021238_1682730411791953_9008413063837179681_o.jpg"" data-lightbox=""gallery"">"
27021249_1682736585124669_3360875223878923220_o.jpg,"<a href=""./images/rigolade/",""" data-lightbox=""gallery"">","<a href=""./images/rigolade/27021249_1682736585124669_3360875223878923220_o.jpg"" data-lightbox=""gallery"">"
27021272_1680274055370922_4389503138583822532_o.jpg,"<a href=""./images/rigolade/",""" data-lightbox=""gallery"">","<a href=""./images/rigolade/27021272_1680274055370922_4389503138583822532_o.jpg"" data-lightbox=""gallery"">"
27021313_1680271442037850_9125426332372114921_o.jpg,"<a href=""./images/rigolade/",""" data-lightbox=""gallery"">","<a href=""./images/rigolade/27021313_1680271442037850_9125426332372114921_o.jpg"" data-lightbox=""gallery"">"
27021414_1682732048458456_3253112448596217153_o.jpg,"<a href=""./images/rigolade/",""" data-lightbox=""gallery"">","<a href=""./images/rigolade/27021414_1682732048458456_3253112448596217153_o.jpg"" data-lightbox=""gallery"">"
27021917_1680276372037357_7036433944005736442_o.jpg,"<a href=""./images/rigolade/",""" data-lightbox=""gallery"">","<a href=""./images/rigolade/27021917_1680276372037357_7036433944005736442_o.jpg"" data-lightbox=""gallery"">"
27023351_1682734318458229_6050880952938856229_o.jpg,"<a href=""./images/rigolade/",""" data-lightbox=""gallery"">","<a href=""./images/rigolade/27023351_1682734318458229_6050880952938856229_o.jpg"" data-lightbox=""gallery"">"
27164316_1680276448704016_1545180401135345707_o.jpg,"<a href=""./images/rigolade/",""" data-lightbox=""gallery"">","<a href=""./images/rigolade/27164316_1680276448704016_1545180401135345707_o.jpg"" data-lightbox=""gallery"">"
27164339_1682733805124947_4247991428600832880_o.jpg,"<a href=""./images/rigolade/",""" data-lightbox=""gallery"">","<a href=""./images/rigolade/27164339_1682733805124947_4247991428600832880_o.jpg"" data-lightbox=""gallery"">"
27164357_1682728048458856_7438994244053253429_o.jpg,"<a href=""./images/rigolade/",""" data-lightbox=""gallery"">","<a href=""./images/rigolade/27164357_1682728048458856_7438994244053253429_o.jpg"" data-lightbox=""gallery"">"
27164568_1680272278704433_5206711832543372125_o.jpg,"<a href=""./images/rigolade/",""" data-lightbox=""gallery"">","<a href=""./images/rigolade/27164568_1680272278704433_5206711832543372125_o.jpg"" data-lightbox=""gallery"">"
27164785_1682728061792188_6650882667352327567_o.jpg,"<a href=""./images/rigolade/",""" data-lightbox=""gallery"">","<a href=""./images/rigolade/27164785_1682728061792188_6650882667352327567_o.jpg"" data-lightbox=""gallery"">"
27164843_1682740511790943_5889003434183340975_o.jpg,"<a href=""./images/rigolade/",""" data-lightbox=""gallery"">","<a href=""./images/rigolade/27164843_1682740511790943_5889003434183340975_o.jpg"" data-lightbox=""gallery"">"
27164877_1682733201791674_2947066514812670073_o.jpg,"<a href=""./images/rigolade/",""" data-lightbox=""gallery"">","<a href=""./images/rigolade/27164877_1682733201791674_2947066514812670073_o.jpg"" data-lightbox=""gallery"">"
27164909_1682733771791617_9074108417910370348_o.jpg,"<a href=""./images/rigolade/",""" data-lightbox=""gallery"">","<a href=""./images/rigolade/27164909_1682733771791617_9074108417910370348_o.jpg"" data-lightbox=""gallery"">"
27173200_1682728885125439_978993354359581596_o.jpg,"<a href=""./images/rigolade/",""" data-lightbox=""gallery"">","<a href=""./images/rigolade/27173200_1682728885125439_978993354359581596_o.jpg"" data-lightbox=""gallery"">"
27356156_1682734358458225_1955495172802735222_o.jpg,"<a href=""./images/rigolade/",""" data-lightbox=""gallery"">","<a href=""./images/rigolade/27356156_1682734358458225_1955495172802735222_o.jpg"" data-lightbox=""gallery"">"
file.csv,,,
